chain-10_chain-11,chain-11_chain-12,chain-12_chain-13,chain-8_chain-9
"('chain-12', 0.22696504374659798)","('chain-13', 0.22595087446269596)","('chain-9', 0.19929803434000615)","('chain-11', 0.19324059290524537)","('chain-8', 0.07727272727272727)","('chain-10', 0.07727272727272727)","('chain-db', 0.0)","('home-cluster-node1', 0.0)","('home-cluster-node2', 0.0)","('chain-14', 0.0)","('home-cluster-node3', 0.0)"
"('chain-12', 0.22696504374659798)","('chain-13', 0.22595087446269596)","('chain-9', 0.19929803434000615)","('chain-11', 0.19324059290524537)","('chain-8', 0.07727272727272727)","('chain-10', 0.07727272727272727)","('chain-db', 0.0)","('chain-14', 0.0)"
