chain-9_chain-10,chain-3_chain-4,chain-4_chain-5,chain-5_chain-6,chain-6_chain-7,chain-7_chain-8,chain-8_chain-9
"('chain-7', 0.17968737652002323)","('chain-6', 0.16540809472688547)","('chain-9', 0.16191673049123984)","('chain-8', 0.1307990498637889)","('chain-5', 0.12992605012739816)","('chain-4', 0.11956450274565675)","('chain-3', 0.07083333333333333)","('chain-10', 0.041864862191674235)","('chain-db', 0.0)","('home-cluster-node3', 0.0)","('home-cluster-node2', 0.0)","('home-cluster-node1', 0.0)"
"('chain-7', 0.17968737652002323)","('chain-6', 0.16540809472688547)","('chain-9', 0.16191673049123984)","('chain-8', 0.1307990498637889)","('chain-5', 0.12992605012739816)","('chain-4', 0.11956450274565675)","('chain-3', 0.07083333333333333)","('chain-10', 0.041864862191674235)","('chain-db', 0.0)"
