chain-3_chain-4,chain-5_chain-6,chain-6_chain-7,chain-7_chain-8,chain-8_chain-9
"('chain-9', 0.2319072901305581)","('chain-4', 0.1844278238327562)","('chain-6', 0.16573923779522112)","('chain-7', 0.13953421689609016)","('chain-8', 0.1367247646787077)","('chain-3', 0.07083333333333333)","('chain-5', 0.07083333333333333)","('chain-db', 0.0)","('home-cluster-node3', 0.0)","('home-cluster-node2', 0.0)","('chain-10', 0.0)","('home-cluster-node1', 0.0)"
"('chain-9', 0.2319072901305581)","('chain-4', 0.1844278238327562)","('chain-6', 0.16573923779522112)","('chain-7', 0.13953421689609016)","('chain-8', 0.1367247646787077)","('chain-3', 0.07083333333333333)","('chain-5', 0.07083333333333333)","('chain-db', 0.0)","('chain-10', 0.0)"
