chain-9_chain-10,chain-10_chain-11,chain-11_chain-12,chain-12_chain-13,chain-13_chain-14,chain-14_chain-15,chain-8_chain-9
"('chain-13', 0.17733245767650144)","('chain-14', 0.15545561243913245)","('chain-11', 0.14732870128962716)","('chain-12', 0.14260019349928557)","('chain-10', 0.13848932797353983)","('chain-9', 0.1281733156974537)","('chain-8', 0.07083333333333333)","('chain-15', 0.039787058091126495)","('chain-db', 0.0)","('home-cluster-node2', 0.0)","('home-cluster-node1', 0.0)","('home-cluster-node3', 0.0)"
"('chain-13', 0.17733245767650144)","('chain-14', 0.15545561243913245)","('chain-11', 0.14732870128962716)","('chain-12', 0.14260019349928557)","('chain-10', 0.13848932797353983)","('chain-9', 0.1281733156974537)","('chain-8', 0.07083333333333333)","('chain-15', 0.039787058091126495)","('chain-db', 0.0)"
