gateway_chain-1,chain-9_chain-10,chain-1_chain-2,chain-2_chain-3,chain-3_chain-4,chain-4_chain-5,chain-5_chain-6,chain-6_chain-7,chain-7_chain-8,chain-8_chain-9
"('chain-4', 0.11637285097649543)","('chain-7', 0.11412681723940227)","('chain-2', 0.11267121587559539)","('chain-1', 0.1086610052164993)","('chain-6', 0.10484628069219012)","('chain-8', 0.10312709138535993)","('chain-5', 0.0978660527293877)","('chain-9', 0.09736580688585594)","('chain-3', 0.09711062108099887)","('gateway', 0.056666666666666664)","('chain-db', 0.0)","('home-cluster-node1', 0.0)","('home-cluster-node2', 0.0)","('home-cluster-node3', 0.0)","('chain-10', -0.008814408748451638)"
"('chain-4', 0.11637285097649543)","('chain-7', 0.11412681723940227)","('chain-2', 0.11267121587559539)","('chain-1', 0.1086610052164993)","('chain-6', 0.10484628069219012)","('chain-8', 0.10312709138535993)","('chain-5', 0.0978660527293877)","('chain-9', 0.09736580688585594)","('chain-3', 0.09711062108099887)","('gateway', 0.056666666666666664)","('chain-db', 0.0)","('chain-10', -0.008814408748451638)"
